{
  "id": "MLB247538",
  "name": "Café Moído e em Grão",
  "picture": null,
  "permalink": null,
  "total_items_in_this_category": 24617,
  "path_from_root": [
    {
      "id": "MLB1403",
      "name": "Alimentos e Bebidas"
    },
    {
      "id": "MLB1423",
      "name": "Mercearia"
    },
    {
      "id": "MLB194831",
      "name": "Infusões"
    },
    {
      "id": "MLB247520",
      "name": "Café"
    },
    {
      "id": "MLB247538",
      "name": "Café Moído e em Grão"
    }
  ],
  "children_categories": [],
  "attribute_types": "attributes",
  "settings": {
    "adult_content": false,
    "buying_allowed": true,
    "buying_modes": ["buy_it_now", "auction"],
    "catalog_domain": "MLB-GROUND_AND_WHOLE_BEANS_COFFEE",
    "coverage_areas": "not_allowed",
    "currencies": ["BRL"],
    "fragile": false,
    "immediate_payment": "required",
    "item_conditions": ["used", "not_specified", "new"],
    "items_reviews_allowed": false,
    "listing_allowed": true,
    "max_description_length": 50000,
    "max_pictures_per_item": 12,
    "max_pictures_per_item_var": 10,
    "max_sub_title_length": 70,
    "max_title_length": 60,
    "max_variations_allowed": 100,
    "maximum_price": null,
    "maximum_price_currency": "BRL",
    "minimum_price": 8,
    "minimum_price_currency": "BRL",
    "mirror_category": null,
    "mirror_master_category": null,
    "mirror_slave_categories": [],
    "price": "required",
    "reservation_allowed": "not_allowed",
    "restrictions": [],
    "rounded_address": false,
    "seller_contact": "not_allowed",
    "shipping_options": ["custom"],
    "shipping_profile": "optional",
    "show_contact_information": false,
    "simple_shipping": "optional",
    "stock": "required",
    "sub_vertical": null,
    "subscribable": true,
    "tags": [],
    "vertical": "consumer_goods",
    "vip_subdomain": "produto",
    "buyer_protection_programs": [],
    "status": "enabled"
  },
  "channels_settings": [
    {
      "channel": "mshops",
      "settings": {
        "minimum_price": 0
      }
    },
    {
      "channel": "proximity",
      "settings": {
        "status": "disabled"
      }
    },
    {
      "channel": "mp-merchants",
      "settings": {
        "buying_modes": ["buy_it_now"],
        "immediate_payment": "required",
        "minimum_price": 1,
        "status": "enabled"
      }
    },
    {
      "channel": "mp-link",
      "settings": {
        "buying_modes": ["buy_it_now"],
        "immediate_payment": "required",
        "minimum_price": 1,
        "status": "enabled"
      }
    }
  ],
  "meta_categ_id": null,
  "attributable": false,
  "date_created": "2018-04-25T08:12:56.000Z"
}
