{
  "text": "",
  "plain_text": "SABOR E QUALIDADE!\n\nDesfrute do sabor autêntico do Café Torrado e Moído Tradicional 500g Melitta, um clássico que combina a tradição do café brasileiro com a qualidade que você merece. Produzido com grãos selecionados e cultivados no Brasil, este café de torra clássica oferece um sabor intenso e um aroma denso que transforma qualquer momento em uma pausa revigorante. Perfeito para ser apreciado em qualquer hora do dia, o Café Tradicional Melitta proporciona uma experiência rica e envolvente a cada xícara.\n\nA embalagem a vácuo mantém o café sempre fresco, preservando o sabor e a qualidade que só a Melitta pode oferecer. Com moagem média, ele é ideal para preparar um café sem resíduos, mantendo a xícara limpa e o sabor perfeito. Seja para começar o dia ou para um momento especial, o Café Torrado e Moído Tradicional Melitta é a escolha certa para quem busca excelência em cada detalhe. Compre agora e sinta mais a vida com Melitta!",
  "last_updated": "2025-03-10T11:56:36.061Z",
  "date_created": "2025-03-10T11:56:36.061Z",
  "snapshot": {
    "url": "http://descriptions.mlstatic.com/D-MLB3998144995.jpg?hash=8520c3b8559cb08aa7e782b8f5334ffe_0x0",
    "width": 0,
    "height": 0,
    "status": ""
  }
}
