{
  "text": "",
  "plain_text": "O café 3 Corações Extra Forte em pó, torrado e moído, é encorpado e intenso, com sabor inigualável e prolongado. Ideal para quem é um verdadeiro apaixonado por essa clássica bebida brasileira. Produzido a partir de grãos colhidos nas melhores regiões cafeeiras do país, chega à sua mesa nesta embalagem de 250 gramas, com a alta qualidade do café e a energia necessária para começar bem o dia.\n\n*Para preservar o aroma e sabor do pó, guarde o pacote em um recipiente fechado dentro da geladeira.",
  "last_updated": "2024-04-05T13:41:28.189Z",
  "date_created": "2024-04-05T13:41:28.189Z",
  "snapshot": {
    "url": "http://descriptions.mlstatic.com/D-MLB3647888693.jpg?hash=8520c3b8559cb08aa7e782b8f5334ffe_0x0",
    "width": 0,
    "height": 0,
    "status": ""
  }
}
