{
  "text": "",
  "plain_text": "Harina De Arroz Dicomere 1kg\n\nProducto alimenticio a base de arroz molido, ideal para recetas sin gluten. Este paquete contiene 1 kilogramo de harina de arroz de la marca Dicomere, perfecta para la elaboración de diversas preparaciones culinarias como panes, tortas y otros platillos que requieran de un sustituto de la harina de trigo. Su textura fina y su capacidad para absorber la humedad la hacen una opción versátil en la cocina. \n\nEste producto es apto para personas que llevan una dieta libre de gluten o para aquellos que desean experimentar con alternativas a la harina tradicional. La harina de arroz Dicomere es un ingrediente esencial para quienes buscan opciones saludables y nutritivas en su alimentación diaria.",
  "last_updated": "2024-05-22T13:48:57.158Z",
  "date_created": "2024-05-22T13:48:57.158Z",
  "snapshot": {
    "url": "http://descriptions.mlstatic.com/D-MLA1781975648.jpg?hash=8520c3b8559cb08aa7e782b8f5334ffe_0x0",
    "width": 0,
    "height": 0,
    "status": ""
  }
}
