{
  "id": "MLA389311",
  "name": "Arroz",
  "picture": null,
  "permalink": null,
  "total_items_in_this_category": 2445,
  "path_from_root": [
    {
      "id": "MLA1403",
      "name": "Alimentos y Bebidas"
    },
    {
      "id": "MLA1423",
      "name": "Almacén"
    },
    {
      "id": "MLA194308",
      "name": "Arroz, Legumbres y Semillas"
    },
    {
      "id": "MLA389311",
      "name": "Arroz"
    }
  ],
  "children_categories": [],
  "attribute_types": "attributes",
  "settings": {
    "adult_content": false,
    "buying_allowed": true,
    "buying_modes": ["auction", "buy_it_now"],
    "catalog_domain": "MLA-RICE",
    "coverage_areas": "not_allowed",
    "currencies": ["ARS"],
    "fragile": true,
    "immediate_payment": "required",
    "item_conditions": ["new"],
    "items_reviews_allowed": false,
    "listing_allowed": true,
    "max_description_length": 50000,
    "max_pictures_per_item": 12,
    "max_pictures_per_item_var": 10,
    "max_sub_title_length": 70,
    "max_title_length": 60,
    "max_variations_allowed": 100,
    "maximum_price": null,
    "maximum_price_currency": "ARS",
    "minimum_price": null,
    "minimum_price_currency": "ARS",
    "mirror_category": null,
    "mirror_master_category": null,
    "mirror_slave_categories": [],
    "price": "required",
    "reservation_allowed": "not_allowed",
    "restrictions": [],
    "rounded_address": false,
    "seller_contact": "not_allowed",
    "shipping_options": ["custom", "carrier"],
    "shipping_profile": "optional",
    "show_contact_information": false,
    "simple_shipping": "optional",
    "stock": "required",
    "sub_vertical": "food_beverages",
    "subscribable": false,
    "tags": [],
    "vertical": "consumer_goods",
    "vip_subdomain": "articulo",
    "buyer_protection_programs": [],
    "status": "enabled"
  },
  "channels_settings": [
    {
      "channel": "mshops",
      "settings": {
        "minimum_price": 0
      }
    },
    {
      "channel": "proximity",
      "settings": {
        "status": "disabled"
      }
    },
    {
      "channel": "mp-merchants",
      "settings": {
        "buying_modes": ["buy_it_now"],
        "immediate_payment": "required",
        "minimum_price": 1,
        "status": "enabled"
      }
    },
    {
      "channel": "mp-link",
      "settings": {
        "buying_modes": ["buy_it_now"],
        "immediate_payment": "required",
        "minimum_price": 1,
        "status": "enabled"
      }
    }
  ],
  "meta_categ_id": null,
  "attributable": false,
  "date_created": "2018-04-25T08:12:56.000Z"
}
