{
  "text": "",
  "plain_text": "Arroz Lucchetti Largo Fino Bolsa x 1kg\n\nArroz Largo Fino.\nPorción: 50 gramos (1/4 taza)\n(*)Valores Diarios con base a una dieta de 2.000 kcal u 8.400 kJ. Sus valores diarios pueden ser mayores o menores dependiendo de sus necesidades energéticas.",
  "last_updated": "2023-12-30T15:28:49.852Z",
  "date_created": "2023-12-30T15:28:49.852Z",
  "snapshot": {
    "url": "http://descriptions.mlstatic.com/D-MLA1400724165.jpg?hash=8520c3b8559cb08aa7e782b8f5334ffe_0x0",
    "width": 0,
    "height": 0,
    "status": ""
  }
}
