{
  "text": "",
  "plain_text": "SOMOS ROGERS JEANS, ESTAMOS EN EL BARRIO DE ONCE, CAPITAL FEDERAL.\n\nFABRICA DE IDUMENTARIA HOMBRE Y MUJER\n\nTENEMOS TALLES ESPECIALES\n\nACEPTAMOS TODOS LOS MEDIOS DE PAGO\n\nENVIOS A TODO EL PAIS\n\n\nConoce nuestra variedad de productos ingresando al siguiente link:\nhttps://listado.mercadolibre.com.ar/_CustId_20587698 \n\nSi tenes alguna consulta, tenemos un equipo especializado para asesorarte en tus compras. \nTe esperamos\nEl Equipo de ventas \nRogers Jeans.",
  "last_updated": "2023-08-28T18:12:34.545Z",
  "date_created": "2023-08-28T18:12:34.545Z",
  "snapshot": {
    "url": "http://descriptions.mlstatic.com/D-MLA1385224303.jpg?hash=8520c3b8559cb08aa7e782b8f5334ffe_0x0",
    "width": 0,
    "height": 0,
    "status": ""
  }
}
