{
  "text": "",
  "plain_text": "CAMISA WACKY CLASICA DE HOMBRE MANGA LARGA \n\nTALLES : 36 AL 46\n\nCOMPOSICIÓN : 35 Algodon 65 Poliester\n\nMARCA WACKY \n\nESTAMOS EN BOEDO - ALMAGRO \n\nRETIRO POR SUCURSAL DE LUN A JUEVES DE 10 A 14 HS - POR LA TARDE CONSULTAR POR MENSAJE INTERNO .\n\nFABRICAMOS : REMERAS , PANTALONES , BUZOS, JOGGING , CAMPERAS, CHALECOS, BERMUDA , CHALECOS . ROPA INTERIOR \n\n-Excelente calidad y terminación\n-Tela batista, 65% algodón y 35% poliéster\n\nHORARIO DE LOCAL: LUNES A JUEVES DE 9 A 18HS, VIERNES DE 9 A 16HS. SABADO CERRADO\n\nTambién trabajamos talles especiales 46, 48, 50 y 52, consultar para que le pasemos la publicación de esos talle\n\n-Tabla de medidas disponible, SEGUNDA FOTO\n\n-Si quiere comprar Diferentes colores , comprar en modo carrito como explica en las fotos \n\nENVIOS EN EL DIA POR FLEX\n\nENVIO POR MERCADOENVIOS \n\nTENEMOS RETIRO EN NUESTRO DEPOSITO \n\nCUALQUIER DUDA A SU DISPOSICION",
  "last_updated": "2023-09-10T05:52:29.694Z",
  "date_created": "2021-01-20T03:53:10.000Z",
  "snapshot": {
    "url": "http://descriptions.mlstatic.com/D-MLA904895322.jpg?hash=8520c3b8559cb08aa7e782b8f5334ffe_0x0",
    "width": 0,
    "height": 0,
    "status": ""
  }
}
