{
  "text": "",
  "plain_text": "SOMOS ROGERS JEANS\n\nFABRICA DE INDUMENTARIA HOMBRE\n\nACEPTAMOS TODOS LOS MEDIOS DE PAGO\n\nENVÍOS A TODO EL PAÍS\n\n\nConoce nuestra variedad de productos ingresando al siguiente link:\nhttps://listado.mercadolibre.com.ar/_CustId_20587698 \n\nSi tenes alguna consulta, tenemos un equipo especializado para asesorarte en tus compras. \nTe esperamos\nEl Equipo de ventas \nRogers Jeans.",
  "last_updated": "2020-06-11T14:06:04.000Z",
  "date_created": "2018-07-19T15:02:35.000Z",
  "snapshot": {
    "url": "http://descriptions.mlstatic.com/D-MLA738241667.jpg?hash=8520c3b8559cb08aa7e782b8f5334ffe_0x0",
    "width": 0,
    "height": 0,
    "status": ""
  }
}
