{
  "id": "MLA2005705454",
  "site_id": "MLA",
  "title": "Apple iPhone 16 Pro Max (256 Gb) - Titanio Del Desierto",
  "seller_id": 243995952,
  "category_id": "MLA1055",
  "official_store_id": null,
  "price": 2524995,
  "base_price": 2524995,
  "original_price": null,
  "currency_id": "ARS",
  "initial_quantity": 82,
  "sale_terms": [
    {
      "id": "WARRANTY_TYPE",
      "name": "Tipo de garantía",
      "value_id": "2230279",
      "value_name": "Garantía de fábrica",
      "value_struct": null,
      "values": [
        {
          "id": "2230279",
          "name": "Garantía de fábrica",
          "struct": null
        }
      ],
      "value_type": "list"
    },
    {
      "id": "WARRANTY_TIME",
      "name": "Tiempo de garantía",
      "value_id": null,
      "value_name": "12 meses",
      "value_struct": {
        "number": 12,
        "unit": "meses"
      },
      "values": [
        {
          "id": null,
          "name": "12 meses",
          "struct": {
            "number": 12,
            "unit": "meses"
          }
        }
      ],
      "value_type": "number_unit"
    },
    {
      "id": "INVOICE",
      "name": "Facturación",
      "value_id": "6891885",
      "value_name": "Factura A",
      "value_struct": null,
      "values": [
        {
          "id": "6891885",
          "name": "Factura A",
          "struct": null
        }
      ],
      "value_type": "list"
    }
  ],
  "buying_mode": "buy_it_now",
  "listing_type_id": "gold_pro",
  "condition": "new",
  "permalink": "https://articulo.mercadolibre.com.ar/MLA-2005705454-apple-iphone-16-pro-max-256-gb-titanio-del-desierto-_JM",
  "thumbnail_id": "728476-MLU78878973712_092024",
  "thumbnail": "http://http2.mlstatic.com/D_728476-MLU78878973712_092024-I.jpg",
  "pictures": [
    {
      "id": "728476-MLU78878973712_092024",
      "url": "http://http2.mlstatic.com/D_728476-MLU78878973712_092024-O.jpg",
      "secure_url": "https://http2.mlstatic.com/D_728476-MLU78878973712_092024-O.jpg",
      "size": "399x500",
      "max_size": "638x799",
      "quality": ""
    },
    {
      "id": "718475-MLU78879161632_092024",
      "url": "http://http2.mlstatic.com/D_718475-MLU78879161632_092024-O.jpg",
      "secure_url": "https://http2.mlstatic.com/D_718475-MLU78879161632_092024-O.jpg",
      "size": "241x500",
      "max_size": "386x800",
      "quality": ""
    },
    {
      "id": "602444-MLU78878973718_092024",
      "url": "http://http2.mlstatic.com/D_602444-MLU78878973718_092024-O.jpg",
      "secure_url": "https://http2.mlstatic.com/D_602444-MLU78878973718_092024-O.jpg",
      "size": "172x500",
      "max_size": "276x799",
      "quality": ""
    },
    {
      "id": "754737-MLU79116571667_092024",
      "url": "http://http2.mlstatic.com/D_754737-MLU79116571667_092024-O.jpg",
      "secure_url": "https://http2.mlstatic.com/D_754737-MLU79116571667_092024-O.jpg",
      "size": "429x500",
      "max_size": "851x991",
      "quality": ""
    },
    {
      "id": "638621-MLU79116944943_092024",
      "url": "http://http2.mlstatic.com/D_638621-MLU79116944943_092024-O.jpg",
      "secure_url": "https://http2.mlstatic.com/D_638621-MLU79116944943_092024-O.jpg",
      "size": "357x500",
      "max_size": "678x949",
      "quality": ""
    },
    {
      "id": "624448-MLU79116778351_092024",
      "url": "http://http2.mlstatic.com/D_624448-MLU79116778351_092024-O.jpg",
      "secure_url": "https://http2.mlstatic.com/D_624448-MLU79116778351_092024-O.jpg",
      "size": "500x347",
      "max_size": "734x510",
      "quality": ""
    },
    {
      "id": "913826-MLU79116778355_092024",
      "url": "http://http2.mlstatic.com/D_913826-MLU79116778355_092024-O.jpg",
      "secure_url": "https://http2.mlstatic.com/D_913826-MLU79116778355_092024-O.jpg",
      "size": "500x500",
      "max_size": "1000x1000",
      "quality": ""
    },
    {
      "id": "611370-MLU78879161642_092024",
      "url": "http://http2.mlstatic.com/D_611370-MLU78879161642_092024-O.jpg",
      "secure_url": "https://http2.mlstatic.com/D_611370-MLU78879161642_092024-O.jpg",
      "size": "500x500",
      "max_size": "1000x1000",
      "quality": ""
    },
    {
      "id": "874631-MLU78878973738_092024",
      "url": "http://http2.mlstatic.com/D_874631-MLU78878973738_092024-O.jpg",
      "secure_url": "https://http2.mlstatic.com/D_874631-MLU78878973738_092024-O.jpg",
      "size": "491x500",
      "max_size": "855x869",
      "quality": ""
    },
    {
      "id": "746719-MLU79116778369_092024",
      "url": "http://http2.mlstatic.com/D_746719-MLU79116778369_092024-O.jpg",
      "secure_url": "https://http2.mlstatic.com/D_746719-MLU79116778369_092024-O.jpg",
      "size": "500x485",
      "max_size": "850x825",
      "quality": ""
    }
  ],
  "video_id": null,
  "descriptions": [],
  "accepts_mercadopago": true,
  "non_mercado_pago_payment_methods": [],
  "shipping": {
    "mode": "me2",
    "methods": [],
    "tags": ["self_service_in", "mandatory_free_shipping"],
    "dimensions": null,
    "local_pick_up": true,
    "free_shipping": true,
    "logistic_type": "xd_drop_off",
    "store_pick_up": false
  },
  "international_delivery_mode": "none",
  "seller_address": {
    "city": {
      "name": "Ramos Mejía"
    },
    "state": {
      "id": "AR-B",
      "name": "Buenos Aires"
    },
    "country": {
      "id": "AR",
      "name": "Argentina"
    },
    "search_location": {
      "neighborhood": {
        "id": "TUxBQlJBTTE3Mzla",
        "name": "Ramos Mejía"
      },
      "city": {
        "id": "TUxBQ0xBTWF0YW56",
        "name": "La Matanza"
      },
      "state": {
        "id": "TUxBUEdSQWVmNTVm",
        "name": "Bs.As. G.B.A. Oeste"
      }
    },
    "id": 240432030
  },
  "seller_contact": null,
  "location": {},
  "coverage_areas": [],
  "attributes": [
    {
      "id": "ALPHANUMERIC_MODELS",
      "name": "Modelo alfanumérico",
      "value_id": "43074836",
      "value_name": "A3296",
      "values": [
        {
          "id": "43074836",
          "name": "A3296",
          "struct": null
        }
      ],
      "value_type": "string"
    },
    {
      "id": "BATTERY_TYPE",
      "name": "Tipo de batería",
      "value_id": "95013",
      "value_name": "Ion de litio",
      "values": [
        {
          "id": "95013",
          "name": "Ion de litio",
          "struct": null
        }
      ],
      "value_type": "string"
    },
    {
      "id": "BRAND",
      "name": "Marca",
      "value_id": "9344",
      "value_name": "Apple",
      "values": [
        {
          "id": "9344",
          "name": "Apple",
          "struct": null
        }
      ],
      "value_type": "string"
    },
    {
      "id": "CARRIER",
      "name": "Compañía telefónica",
      "value_id": "298335",
      "value_name": "Liberado",
      "values": [
        {
          "id": "298335",
          "name": "Liberado",
          "struct": null
        }
      ],
      "value_type": "list"
    },
    {
      "id": "CELLPHONES_ANATEL_HOMOLOGATION_NUMBER",
      "name": "Número de homologación de Anatel",
      "value_id": "43074824",
      "value_name": "68402401993",
      "values": [
        {
          "id": "43074824",
          "name": "68402401993",
          "struct": null
        }
      ],
      "value_type": "number"
    },
    {
      "id": "CHARGE_CONNECTOR_TYPE",
      "name": "Tipo de conector de carga",
      "value_id": "8275367",
      "value_name": "USB-C",
      "values": [
        {
          "id": "8275367",
          "name": "USB-C",
          "struct": null
        }
      ],
      "value_type": "list"
    },
    {
      "id": "COLOR",
      "name": "Color",
      "value_id": "42316011",
      "value_name": "Titanio del desierto",
      "values": [
        {
          "id": "42316011",
          "name": "Titanio del desierto",
          "struct": null
        }
      ],
      "value_type": "string"
    },
    {
      "id": "COMPATIBLE_SIM_CARD_SIZES",
      "name": "Tamaños de tarjeta SIM compatibles",
      "value_id": "80453",
      "value_name": "Nano-SIM",
      "values": [
        {
          "id": "80453",
          "name": "Nano-SIM",
          "struct": null
        }
      ],
      "value_type": "string"
    },
    {
      "id": "DEPTH",
      "name": "Profundidad",
      "value_id": "6963889",
      "value_name": "8.25 mm",
      "values": [
        {
          "id": "6963889",
          "name": "8.25 mm",
          "struct": {
            "number": 8.25,
            "unit": "mm"
          }
        }
      ],
      "value_type": "number_unit"
    },
    {
      "id": "DISPLAY_RESOLUTION",
      "name": "Resolución de la pantalla",
      "value_id": "42315997",
      "value_name": "2868 px x 1320 px",
      "values": [
        {
          "id": "42315997",
          "name": "2868 px x 1320 px",
          "struct": null
        }
      ],
      "value_type": "string"
    },
    {
      "id": "DISPLAY_RESOLUTION_TYPE",
      "name": "Tipo de resolución de la pantalla ",
      "value_id": "20861300",
      "value_name": "HDR",
      "values": [
        {
          "id": "20861300",
          "name": "HDR",
          "struct": null
        }
      ],
      "value_type": "string"
    },
    {
      "id": "DISPLAY_SIZE",
      "name": "Tamaño de la pantalla",
      "value_id": "7673979",
      "value_name": "6.9 \"",
      "values": [
        {
          "id": "7673979",
          "name": "6.9 \"",
          "struct": {
            "number": 6.9,
            "unit": "\""
          }
        }
      ],
      "value_type": "number_unit"
    },
    {
      "id": "DISPLAY_TECHNOLOGY",
      "name": "Tecnología de la pantalla",
      "value_id": "80491",
      "value_name": "OLED",
      "values": [
        {
          "id": "80491",
          "name": "OLED",
          "struct": null
        }
      ],
      "value_type": "string"
    },
    {
      "id": "DISPLAY_TYPE",
      "name": "Tipo de pantalla",
      "value_id": "9785211",
      "value_name": "Super Retina XDR",
      "values": [
        {
          "id": "9785211",
          "name": "Super Retina XDR",
          "struct": null
        }
      ],
      "value_type": "string"
    },
    {
      "id": "FRONT_CAMERAS_NUMBER",
      "name": "Cantidad de cámaras frontales",
      "value_id": "7477216",
      "value_name": "1",
      "values": [
        {
          "id": "7477216",
          "name": "1",
          "struct": null
        }
      ],
      "value_type": "number"
    },
    {
      "id": "FRONT_CAMERAS_RESOLUTION",
      "name": "Resolución de las cámaras frontales",
      "value_id": "13028600",
      "value_name": "12 Mpx",
      "values": [
        {
          "id": "13028600",
          "name": "12 Mpx",
          "struct": null
        }
      ],
      "value_type": "string"
    },
    {
      "id": "FRONT_CAMERAS_TYPES",
      "name": "Tipos de cámaras frontales",
      "value_id": "24454583",
      "value_name": "TrueDepth",
      "values": [
        {
          "id": "24454583",
          "name": "TrueDepth",
          "struct": null
        }
      ],
      "value_type": "string"
    },
    {
      "id": "FRONT_CAMERA_APERTURE",
      "name": "Apertura del diafragma de la cámara frontal",
      "value_id": "7439050",
      "value_name": "f 1.9",
      "values": [
        {
          "id": "7439050",
          "name": "f 1.9",
          "struct": null
        }
      ],
      "value_type": "string"
    },
    {
      "id": "HAZMAT_TRANSPORTABILITY",
      "name": "Transportabilidad Hazmat",
      "value_id": "13414677",
      "value_name": "Exceptuado",
      "values": [
        {
          "id": "13414677",
          "name": "Exceptuado",
          "struct": null
        }
      ],
      "value_type": "list"
    },
    {
      "id": "HEIGHT",
      "name": "Altura",
      "value_id": null,
      "value_name": "16.3 cm",
      "values": [
        {
          "id": null,
          "name": "16.3 cm",
          "struct": {
            "number": 16.3,
            "unit": "cm"
          }
        }
      ],
      "value_type": "number_unit"
    },
    {
      "id": "INTERNAL_MEMORY",
      "name": "Memoria interna",
      "value_id": "312156",
      "value_name": "256 GB",
      "values": [
        {
          "id": "312156",
          "name": "256 GB",
          "struct": {
            "number": 256,
            "unit": "GB"
          }
        }
      ],
      "value_type": "number_unit"
    },
    {
      "id": "IP_RATING",
      "name": "Clasificación IP",
      "value_id": "8275373",
      "value_name": "IP68",
      "values": [
        {
          "id": "8275373",
          "name": "IP68",
          "struct": null
        }
      ],
      "value_type": "string"
    },
    {
      "id": "IS_DROP_RESISTANT",
      "name": "Es resistente a caídas",
      "value_id": "242085",
      "value_name": "Sí",
      "values": [
        {
          "id": "242085",
          "name": "Sí",
          "struct": null
        }
      ],
      "value_type": "boolean"
    },
    {
      "id": "IS_DUAL_SIM",
      "name": "Es Dual SIM",
      "value_id": "242085",
      "value_name": "Sí",
      "values": [
        {
          "id": "242085",
          "name": "Sí",
          "struct": null
        }
      ],
      "value_type": "boolean"
    },
    {
      "id": "IS_DUST_RESISTANT",
      "name": "Es resistente al polvo",
      "value_id": "242085",
      "value_name": "Sí",
      "values": [
        {
          "id": "242085",
          "name": "Sí",
          "struct": null
        }
      ],
      "value_type": "boolean"
    },
    {
      "id": "IS_SPLASH_RESISTANT",
      "name": "Es resistente a salpicaduras",
      "value_id": "242085",
      "value_name": "Sí",
      "values": [
        {
          "id": "242085",
          "name": "Sí",
          "struct": null
        }
      ],
      "value_type": "boolean"
    },
    {
      "id": "IS_WATER_RESISTANT",
      "name": "Es resistente al agua",
      "value_id": "242085",
      "value_name": "Sí",
      "values": [
        {
          "id": "242085",
          "name": "Sí",
          "struct": null
        }
      ],
      "value_type": "boolean"
    },
    {
      "id": "ITEM_CONDITION",
      "name": "Condición del ítem",
      "value_id": "2230284",
      "value_name": "Nuevo",
      "values": [
        {
          "id": "2230284",
          "name": "Nuevo",
          "struct": null
        }
      ],
      "value_type": "list"
    },
    {
      "id": "LINE",
      "name": "Línea",
      "value_id": "42068752",
      "value_name": "iPhone 16",
      "values": [
        {
          "id": "42068752",
          "name": "iPhone 16",
          "struct": null
        }
      ],
      "value_type": "string"
    },
    {
      "id": "MAIN_COLOR",
      "name": "Color principal",
      "value_id": "2450296",
      "value_name": "Amarillo",
      "values": [
        {
          "id": "2450296",
          "name": "Amarillo",
          "struct": null
        }
      ],
      "value_type": "list"
    },
    {
      "id": "MAIN_FRONT_CAMERA_RESOLUTION",
      "name": "Resolución de la cámara frontal principal",
      "value_id": "7207109",
      "value_name": "12 Mpx",
      "values": [
        {
          "id": "7207109",
          "name": "12 Mpx",
          "struct": {
            "number": 12,
            "unit": "Mpx"
          }
        }
      ],
      "value_type": "number_unit"
    },
    {
      "id": "MAIN_REAR_CAMERA_RESOLUTION",
      "name": "Resolución de la cámara trasera principal",
      "value_id": "7340647",
      "value_name": "48 Mpx",
      "values": [
        {
          "id": "7340647",
          "name": "48 Mpx",
          "struct": {
            "number": 48,
            "unit": "Mpx"
          }
        }
      ],
      "value_type": "number_unit"
    },
    {
      "id": "MANUFACTURER",
      "name": "Fabricante",
      "value_id": "39502860",
      "value_name": "Apple Inc.",
      "values": [
        {
          "id": "39502860",
          "name": "Apple Inc.",
          "struct": null
        }
      ],
      "value_type": "string"
    },
    {
      "id": "MOBILE_NETWORK",
      "name": "Red móvil",
      "value_id": "7472027",
      "value_name": "5G",
      "values": [
        {
          "id": "7472027",
          "name": "5G",
          "struct": null
        }
      ],
      "value_type": "string"
    },
    {
      "id": "MODEL",
      "name": "Modelo",
      "value_id": "41957576",
      "value_name": "iPhone 16 Pro Max",
      "values": [
        {
          "id": "41957576",
          "name": "iPhone 16 Pro Max",
          "struct": null
        }
      ],
      "value_type": "string"
    },
    {
      "id": "MPN",
      "name": "MPN",
      "value_id": null,
      "value_name": "MYWJ3E/A,MYWX3BE/A",
      "values": [
        {
          "id": "42316028",
          "name": "MYWJ3E/A",
          "struct": null
        },
        {
          "id": "42322570",
          "name": "MYWX3BE/A",
          "struct": null
        }
      ],
      "value_type": "string"
    },
    {
      "id": "OPERATING_SYSTEM_NAME",
      "name": "Nombre del sistema operativo",
      "value_id": "7404961",
      "value_name": "iOS",
      "values": [
        {
          "id": "7404961",
          "name": "iOS",
          "struct": null
        }
      ],
      "value_type": "string"
    },
    {
      "id": "OS_ORIGINAL_VERSION",
      "name": "Versión original del sistema operativo",
      "value_id": "42315992",
      "value_name": "18",
      "values": [
        {
          "id": "42315992",
          "name": "18",
          "struct": null
        }
      ],
      "value_type": "string"
    },
    {
      "id": "PROCESSOR_MODEL",
      "name": "Modelo del procesador",
      "value_id": "42315996",
      "value_name": "Apple A18 Pro",
      "values": [
        {
          "id": "42315996",
          "name": "Apple A18 Pro",
          "struct": null
        }
      ],
      "value_type": "string"
    },
    {
      "id": "RAM",
      "name": "Memoria RAM",
      "value_id": "579564",
      "value_name": "8 GB",
      "values": [
        {
          "id": "579564",
          "name": "8 GB",
          "struct": {
            "number": 8,
            "unit": "GB"
          }
        }
      ],
      "value_type": "number_unit"
    },
    {
      "id": "REAR_CAMERAS_NUMBER",
      "name": "Cantidad de cámaras traseras",
      "value_id": "7505949",
      "value_name": "3",
      "values": [
        {
          "id": "7505949",
          "name": "3",
          "struct": null
        }
      ],
      "value_type": "number"
    },
    {
      "id": "REAR_CAMERAS_RESOLUTION",
      "name": "Resolución de las cámaras traseras",
      "value_id": "42315995",
      "value_name": "48 Mpx/48 Mpx/12 Mpx",
      "values": [
        {
          "id": "42315995",
          "name": "48 Mpx/48 Mpx/12 Mpx",
          "struct": null
        }
      ],
      "value_type": "string"
    },
    {
      "id": "REAR_CAMERAS_TYPES",
      "name": "Tipos de cámaras traseras",
      "value_id": null,
      "value_name": "Fusion,Ultra gran angular,Teleobjetivo",
      "values": [
        {
          "id": "42315989",
          "name": "Fusion",
          "struct": null
        },
        {
          "id": "20400072",
          "name": "Ultra gran angular",
          "struct": null
        },
        {
          "id": "8275353",
          "name": "Teleobjetivo",
          "struct": null
        }
      ],
      "value_type": "string"
    },
    {
      "id": "REAR_CAMERA_APERTURE",
      "name": "Apertura del diafragma de la cámara trasera",
      "value_id": "42315998",
      "value_name": "f 1.78/f 2.2/f 2.8",
      "values": [
        {
          "id": "42315998",
          "name": "f 1.78/f 2.2/f 2.8",
          "struct": null
        }
      ],
      "value_type": "string"
    },
    {
      "id": "RELEASE_MONTH",
      "name": "Mes de lanzamiento",
      "value_id": "8275348",
      "value_name": "Septiembre",
      "values": [
        {
          "id": "8275348",
          "name": "Septiembre",
          "struct": null
        }
      ],
      "value_type": "list"
    },
    {
      "id": "RELEASE_YEAR",
      "name": "Año de lanzamiento",
      "value_id": "22764580",
      "value_name": "2024",
      "values": [
        {
          "id": "22764580",
          "name": "2024",
          "struct": null
        }
      ],
      "value_type": "number"
    },
    {
      "id": "SIM_CARD_SLOTS_NUMBER",
      "name": "Cantidad de ranuras para tarjeta SIM",
      "value_id": "2087812",
      "value_name": "1",
      "values": [
        {
          "id": "2087812",
          "name": "1",
          "struct": null
        }
      ],
      "value_type": "number"
    },
    {
      "id": "VERSIONS",
      "name": "Versiones",
      "value_id": "43074834",
      "value_name": "A3296",
      "values": [
        {
          "id": "43074834",
          "name": "A3296",
          "struct": null
        }
      ],
      "value_type": "string"
    },
    {
      "id": "WEIGHT",
      "name": "Peso",
      "value_id": "462019",
      "value_name": "227 g",
      "values": [
        {
          "id": "462019",
          "name": "227 g",
          "struct": {
            "number": 227,
            "unit": "g"
          }
        }
      ],
      "value_type": "number_unit"
    },
    {
      "id": "WIDTH",
      "name": "Ancho",
      "value_id": null,
      "value_name": "7.76 cm",
      "values": [
        {
          "id": null,
          "name": "7.76 cm",
          "struct": {
            "number": 7.76,
            "unit": "cm"
          }
        }
      ],
      "value_type": "number_unit"
    },
    {
      "id": "WITH_ACCELEROMETER",
      "name": "Con acelerómetro",
      "value_id": "242085",
      "value_name": "Sí",
      "values": [
        {
          "id": "242085",
          "name": "Sí",
          "struct": null
        }
      ],
      "value_type": "boolean"
    },
    {
      "id": "WITH_BAROMETER",
      "name": "Con barómetro",
      "value_id": "242085",
      "value_name": "Sí",
      "values": [
        {
          "id": "242085",
          "name": "Sí",
          "struct": null
        }
      ],
      "value_type": "boolean"
    },
    {
      "id": "WITH_BLUETOOTH",
      "name": "Con Bluetooth",
      "value_id": "242085",
      "value_name": "Sí",
      "values": [
        {
          "id": "242085",
          "name": "Sí",
          "struct": null
        }
      ],
      "value_type": "boolean"
    },
    {
      "id": "WITH_CAMERA",
      "name": "Con cámara",
      "value_id": "242085",
      "value_name": "Sí",
      "values": [
        {
          "id": "242085",
          "name": "Sí",
          "struct": null
        }
      ],
      "value_type": "boolean"
    },
    {
      "id": "WITH_COMPASS",
      "name": "Con brújula",
      "value_id": "242085",
      "value_name": "Sí",
      "values": [
        {
          "id": "242085",
          "name": "Sí",
          "struct": null
        }
      ],
      "value_type": "boolean"
    },
    {
      "id": "WITH_ESIM",
      "name": "Con eSIM",
      "value_id": "242085",
      "value_name": "Sí",
      "values": [
        {
          "id": "242085",
          "name": "Sí",
          "struct": null
        }
      ],
      "value_type": "boolean"
    },
    {
      "id": "WITH_FACIAL_RECOGNITION",
      "name": "Con reconocimiento facial",
      "value_id": "242085",
      "value_name": "Sí",
      "values": [
        {
          "id": "242085",
          "name": "Sí",
          "struct": null
        }
      ],
      "value_type": "boolean"
    },
    {
      "id": "WITH_FAST_CHARGING",
      "name": "Con carga rápida",
      "value_id": "242085",
      "value_name": "Sí",
      "values": [
        {
          "id": "242085",
          "name": "Sí",
          "struct": null
        }
      ],
      "value_type": "boolean"
    },
    {
      "id": "WITH_FRONT_CAMERA_FLASH",
      "name": "Con flash en la cámara frontal",
      "value_id": "242085",
      "value_name": "Sí",
      "values": [
        {
          "id": "242085",
          "name": "Sí",
          "struct": null
        }
      ],
      "value_type": "boolean"
    },
    {
      "id": "WITH_GPS",
      "name": "Con GPS",
      "value_id": "242085",
      "value_name": "Sí",
      "values": [
        {
          "id": "242085",
          "name": "Sí",
          "struct": null
        }
      ],
      "value_type": "boolean"
    },
    {
      "id": "WITH_GYROSCOPE",
      "name": "Con giroscopio",
      "value_id": "242085",
      "value_name": "Sí",
      "values": [
        {
          "id": "242085",
          "name": "Sí",
          "struct": null
        }
      ],
      "value_type": "boolean"
    },
    {
      "id": "WITH_IMEI",
      "name": "Con IMEI",
      "value_id": "242085",
      "value_name": "Sí",
      "values": [
        {
          "id": "242085",
          "name": "Sí",
          "struct": null
        }
      ],
      "value_type": "boolean"
    },
    {
      "id": "WITH_NFC",
      "name": "Con NFC",
      "value_id": "242085",
      "value_name": "Sí",
      "values": [
        {
          "id": "242085",
          "name": "Sí",
          "struct": null
        }
      ],
      "value_type": "boolean"
    },
    {
      "id": "WITH_PROXIMITY_SENSOR",
      "name": "Con sensor de proximidad",
      "value_id": "242085",
      "value_name": "Sí",
      "values": [
        {
          "id": "242085",
          "name": "Sí",
          "struct": null
        }
      ],
      "value_type": "boolean"
    },
    {
      "id": "WITH_REMOVABLE_BATTERY",
      "name": "Con batería removible",
      "value_id": "242084",
      "value_name": "No",
      "values": [
        {
          "id": "242084",
          "name": "No",
          "struct": null
        }
      ],
      "value_type": "boolean"
    },
    {
      "id": "WITH_SOS_BUTTON",
      "name": "Con botón SOS",
      "value_id": "242085",
      "value_name": "Sí",
      "values": [
        {
          "id": "242085",
          "name": "Sí",
          "struct": null
        }
      ],
      "value_type": "boolean"
    },
    {
      "id": "WITH_TOUCHSCREEN_DISPLAY",
      "name": "Con pantalla táctil",
      "value_id": "242085",
      "value_name": "Sí",
      "values": [
        {
          "id": "242085",
          "name": "Sí",
          "struct": null
        }
      ],
      "value_type": "boolean"
    },
    {
      "id": "WITH_WIFI",
      "name": "Con Wi-Fi",
      "value_id": "242085",
      "value_name": "Sí",
      "values": [
        {
          "id": "242085",
          "name": "Sí",
          "struct": null
        }
      ],
      "value_type": "boolean"
    },
    {
      "id": "WITH_WIRELESS_CHARGING",
      "name": "Con carga inalámbrica",
      "value_id": "242085",
      "value_name": "Sí",
      "values": [
        {
          "id": "242085",
          "name": "Sí",
          "struct": null
        }
      ],
      "value_type": "boolean"
    }
  ],
  "listing_source": "",
  "variations": [],
  "status": "paused",
  "sub_status": ["out_of_stock"],
  "tags": [
    "12x_campaign",
    "good_quality_thumbnail",
    "extended_warranty_eligible",
    "immediate_payment",
    "cart_eligible"
  ],
  "warranty": "Garantía de fábrica: 12 meses",
  "catalog_product_id": "MLA40287856",
  "domain_id": "MLA-CELLPHONES",
  "parent_item_id": null,
  "deal_ids": [],
  "automatic_relist": false,
  "date_created": "2025-01-30T18:27:10.724Z",
  "last_updated": "2025-03-14T11:52:31.841Z",
  "health": null,
  "catalog_listing": true
}
