{
  "text": "",
  "plain_text": "iPhone 13. El sistema de dos cámaras más avanzado en un iPhone. El superrápido chip A15 Bionic. Un gran\nsalto en duración de batería. Un diseño resistente. Y una pantalla Super Retina XDR más brillante.\n\nAvisos Legales\n(1)La pantalla tiene esquinas redondeadas que siguen el elegante diseño curvo del teléfono, y las esquinas se encuentran dentro de un rectángulo estándar. Si se mide en forma de rectángulo estándar, la pantalla tiene 6.06 pulgadas en diagonal. El área real de visualización es menor.\n(2)La duración de la batería varía según el uso y la configuración.\n(3)El iPhone 13 es resistente a los derrames, a las salpicaduras y al polvo, y fue probado en condiciones de laboratorio controladas, con una clasificación IP68 según la norma IEC 60529. La resistencia a los derrames, a las salpicaduras y al polvo no es una condición permanente, y podría disminuir como consecuencia del uso normal. No intentes cargar un iPhone mojado; consulta el manual del usuario para ver las instrucciones de limpieza y secado. La garantía no cubre daños producidos por líquidos.\n(4)Algunas funcionalidades podrían no estar disponibles en todos los países o áreas.\n(5)Los accesorios se venden por separado.",
  "last_updated": "2021-12-20T18:44:08.000Z",
  "date_created": "2021-12-20T18:44:08.000Z",
  "snapshot": {
    "url": "http://descriptions.mlstatic.com/D-MLA1116621831.jpg?hash=8520c3b8559cb08aa7e782b8f5334ffe_0x0",
    "width": 0,
    "height": 0,
    "status": ""
  }
}
