{
  "text": "",
  "plain_text": "Un placer de ver. Y de sostener.\nEl iPhone 12 tiene un contraste increíble y una gran resolución. Además tiene un frente de Ceramic Shield que es muy resistente a las caídas.\n\nEl chip A14 Bionic es capaz de procesar billones de operaciones por segundo gracias al Neural Engine de 16 núcleos. Y es supereficiente para ofrecerte una gran duración de batería.\n\nFotos con poca luz y mucha magia.\nEl modo Noche viene en todas las cámaras para que tus fotos con poca luz incluso las selfies se luzcan con sus detalles.\nLa cámara ultra gran angular toma fotos con modo Noche\nEl iPhone 12 te permite grabar editar y reproducir video en Dolby Vision. Además puedes usar AirPlay para ver tus videos en el Apple TV o en un smart TV.",
  "last_updated": "2025-01-19T15:51:41.339Z",
  "date_created": "2025-01-19T15:51:41.339Z",
  "snapshot": {
    "url": "http://descriptions.mlstatic.com/D-MLA1998544776.jpg?hash=8520c3b8559cb08aa7e782b8f5334ffe_0x0",
    "width": 0,
    "height": 0,
    "status": ""
  }
}
