{
  "id": "MLA1975936620",
  "site_id": "MLA",
  "title": "Zapatillas adidas Casual Cloudfoam Comfy Hombre Negro Ih2973",
  "seller_id": 652366401,
  "category_id": "MLA109027",
  "official_store_id": 964,
  "price": 69999,
  "base_price": 69999,
  "original_price": null,
  "currency_id": "ARS",
  "initial_quantity": 8826,
  "sale_terms": [],
  "buying_mode": "buy_it_now",
  "listing_type_id": "gold_pro",
  "condition": "new",
  "permalink": "https://articulo.mercadolibre.com.ar/MLA-1975936620-zapatillas-adidas-casual-cloudfoam-comfy-hombre-negro-ih2973-_JM",
  "thumbnail_id": "869634-MLA81096262418_122024",
  "thumbnail": "http://http2.mlstatic.com/D_869634-MLA81096262418_122024-I.jpg",
  "pictures": [
    {
      "id": "869634-MLA81096262418_122024",
      "url": "http://http2.mlstatic.com/D_869634-MLA81096262418_122024-O.jpg",
      "secure_url": "https://http2.mlstatic.com/D_869634-MLA81096262418_122024-O.jpg",
      "size": "500x224",
      "max_size": "1650x740",
      "quality": ""
    },
    {
      "id": "824071-MLA81096262404_122024",
      "url": "http://http2.mlstatic.com/D_824071-MLA81096262404_122024-O.jpg",
      "secure_url": "https://http2.mlstatic.com/D_824071-MLA81096262404_122024-O.jpg",
      "size": "500x500",
      "max_size": "2400x2400",
      "quality": ""
    },
    {
      "id": "685254-MLA81096262406_122024",
      "url": "http://http2.mlstatic.com/D_685254-MLA81096262406_122024-O.jpg",
      "secure_url": "https://http2.mlstatic.com/D_685254-MLA81096262406_122024-O.jpg",
      "size": "500x500",
      "max_size": "2400x2400",
      "quality": ""
    },
    {
      "id": "679155-MLA81096262408_122024",
      "url": "http://http2.mlstatic.com/D_679155-MLA81096262408_122024-O.jpg",
      "secure_url": "https://http2.mlstatic.com/D_679155-MLA81096262408_122024-O.jpg",
      "size": "500x500",
      "max_size": "2400x2400",
      "quality": ""
    },
    {
      "id": "604204-MLA81096262414_122024",
      "url": "http://http2.mlstatic.com/D_604204-MLA81096262414_122024-O.jpg",
      "secure_url": "https://http2.mlstatic.com/D_604204-MLA81096262414_122024-O.jpg",
      "size": "500x500",
      "max_size": "2400x2400",
      "quality": ""
    },
    {
      "id": "937203-MLA81096262410_122024",
      "url": "http://http2.mlstatic.com/D_937203-MLA81096262410_122024-O.jpg",
      "secure_url": "https://http2.mlstatic.com/D_937203-MLA81096262410_122024-O.jpg",
      "size": "500x500",
      "max_size": "2400x2400",
      "quality": ""
    },
    {
      "id": "673379-MLA81096262412_122024",
      "url": "http://http2.mlstatic.com/D_673379-MLA81096262412_122024-O.jpg",
      "secure_url": "https://http2.mlstatic.com/D_673379-MLA81096262412_122024-O.jpg",
      "size": "500x500",
      "max_size": "2400x2400",
      "quality": ""
    },
    {
      "id": "760964-MLA81096262416_122024",
      "url": "http://http2.mlstatic.com/D_760964-MLA81096262416_122024-O.jpg",
      "secure_url": "https://http2.mlstatic.com/D_760964-MLA81096262416_122024-O.jpg",
      "size": "500x500",
      "max_size": "2400x2400",
      "quality": ""
    },
    {
      "id": "993904-MLA81096262402_122024",
      "url": "http://http2.mlstatic.com/D_993904-MLA81096262402_122024-O.jpg",
      "secure_url": "https://http2.mlstatic.com/D_993904-MLA81096262402_122024-O.jpg",
      "size": "500x500",
      "max_size": "2400x2400",
      "quality": ""
    },
    {
      "id": "759525-MLA81096262420_122024",
      "url": "http://http2.mlstatic.com/D_759525-MLA81096262420_122024-O.jpg",
      "secure_url": "https://http2.mlstatic.com/D_759525-MLA81096262420_122024-O.jpg",
      "size": "500x500",
      "max_size": "2400x2400",
      "quality": ""
    }
  ],
  "video_id": null,
  "descriptions": [],
  "accepts_mercadopago": true,
  "non_mercado_pago_payment_methods": [],
  "shipping": {
    "mode": "me2",
    "methods": [],
    "tags": ["mandatory_free_shipping", "optional_me2_chosen"],
    "dimensions": null,
    "local_pick_up": false,
    "free_shipping": true,
    "logistic_type": "cross_docking",
    "store_pick_up": false
  },
  "international_delivery_mode": "none",
  "seller_address": {
    "city": {
      "id": "TUxBQ0VTQzQ3YTc0",
      "name": "Escobar"
    },
    "state": {
      "id": "AR-B",
      "name": "Buenos Aires"
    },
    "country": {
      "id": "AR",
      "name": "Argentina"
    },
    "search_location": {
      "city": {
        "id": "TUxBQ0VTQzQ3YTc0",
        "name": "Escobar"
      },
      "state": {
        "id": "TUxBUEdSQWU4ZDkz",
        "name": "Bs.As. G.B.A. Norte"
      }
    },
    "id": 1135611228
  },
  "seller_contact": null,
  "location": {},
  "coverage_areas": [],
  "attributes": [
    {
      "id": "ADJUSTMENT_TYPES",
      "name": "Tipos de ajuste",
      "value_id": "7445558",
      "value_name": "Cordones",
      "values": [
        {
          "id": "7445558",
          "name": "Cordones",
          "struct": null
        }
      ],
      "value_type": "string"
    },
    {
      "id": "AGE_GROUP",
      "name": "Edad",
      "value_id": "6725189",
      "value_name": "Adultos",
      "values": [
        {
          "id": "6725189",
          "name": "Adultos",
          "struct": null
        }
      ],
      "value_type": "list"
    },
    {
      "id": "BRAND",
      "name": "Marca",
      "value_id": "14810",
      "value_name": "adidas",
      "values": [
        {
          "id": "14810",
          "name": "adidas",
          "struct": null
        }
      ],
      "value_type": "string"
    },
    {
      "id": "EXTERIOR_MATERIALS",
      "name": "Materiales del exterior",
      "value_id": "28281466",
      "value_name": "Tela",
      "values": [
        {
          "id": "28281466",
          "name": "Tela",
          "struct": null
        }
      ],
      "value_type": "string"
    },
    {
      "id": "FOOTWEAR_TYPE",
      "name": "Tipo de calzado",
      "value_id": "517583",
      "value_name": "Zapatilla",
      "values": [
        {
          "id": "517583",
          "name": "Zapatilla",
          "struct": null
        }
      ],
      "value_type": "list"
    },
    {
      "id": "GENDER",
      "name": "Género",
      "value_id": "339666",
      "value_name": "Hombre",
      "values": [
        {
          "id": "339666",
          "name": "Hombre",
          "struct": null
        }
      ],
      "value_type": "list"
    },
    {
      "id": "INTERIOR_MATERIALS",
      "name": "Materiales del interior",
      "value_id": "5823845",
      "value_name": "Tela",
      "values": [
        {
          "id": "5823845",
          "name": "Tela",
          "struct": null
        }
      ],
      "value_type": "string"
    },
    {
      "id": "IS_IMPERMEABLE",
      "name": "Es impermeable",
      "value_id": "242084",
      "value_name": "No",
      "values": [
        {
          "id": "242084",
          "name": "No",
          "struct": null
        }
      ],
      "value_type": "boolean"
    },
    {
      "id": "IS_KIT",
      "name": "Es kit",
      "value_id": "242084",
      "value_name": "No",
      "values": [
        {
          "id": "242084",
          "name": "No",
          "struct": null
        }
      ],
      "value_type": "boolean"
    },
    {
      "id": "ITEM_CONDITION",
      "name": "Condición del ítem",
      "value_id": "2230284",
      "value_name": "Nuevo",
      "values": [
        {
          "id": "2230284",
          "name": "Nuevo",
          "struct": null
        }
      ],
      "value_type": "list"
    },
    {
      "id": "LINE",
      "name": "Línea",
      "value_id": null,
      "value_name": "No aplica",
      "values": [
        {
          "id": null,
          "name": "No aplica",
          "struct": null
        }
      ],
      "value_type": "string"
    },
    {
      "id": "MODEL",
      "name": "Modelo",
      "value_id": null,
      "value_name": "NJD97",
      "values": [
        {
          "id": null,
          "name": "NJD97",
          "struct": null
        }
      ],
      "value_type": "string"
    },
    {
      "id": "OUTSOLE_MATERIALS",
      "name": "Materiales de la suela",
      "value_id": "12004923",
      "value_name": "Sintético",
      "values": [
        {
          "id": "12004923",
          "name": "Sintético",
          "struct": null
        }
      ],
      "value_type": "string"
    },
    {
      "id": "RECOMMENDED_USES",
      "name": "Usos recomendados",
      "value_id": "44711107",
      "value_name": "Lifestyle",
      "values": [
        {
          "id": "44711107",
          "name": "Lifestyle",
          "struct": null
        }
      ],
      "value_type": "string"
    },
    {
      "id": "RELEASE_SEASON",
      "name": "Temporada de lanzamiento",
      "value_id": "994284",
      "value_name": "Otoño/Invierno",
      "values": [
        {
          "id": "994284",
          "name": "Otoño/Invierno",
          "struct": null
        }
      ],
      "value_type": "list"
    },
    {
      "id": "RELEASE_YEAR",
      "name": "Año de lanzamiento",
      "value_id": null,
      "value_name": "2019",
      "values": [
        {
          "id": null,
          "name": "2019",
          "struct": null
        }
      ],
      "value_type": "number"
    },
    {
      "id": "SIZE_GRID_ID",
      "name": "ID de la guía de talles",
      "value_id": null,
      "value_name": "2286087",
      "values": [
        {
          "id": null,
          "name": "2286087",
          "struct": null
        }
      ],
      "value_type": "grid_id"
    },
    {
      "id": "WIDTH_TYPE",
      "name": "Tipo de ancho",
      "value_id": "44710799",
      "value_name": "Ajuste clásico",
      "values": [
        {
          "id": "44710799",
          "name": "Ajuste clásico",
          "struct": null
        }
      ],
      "value_type": "string"
    },
    {
      "id": "WITH_RECYCLED_MATERIALS",
      "name": "Con materiales reciclados",
      "value_id": "242085",
      "value_name": "Sí",
      "values": [
        {
          "id": "242085",
          "name": "Sí",
          "struct": null
        }
      ],
      "value_type": "boolean"
    }
  ],
  "listing_source": "",
  "variations": [
    {
      "id": 186422180315,
      "price": 69999,
      "attribute_combinations": [
        {
          "id": "COLOR",
          "name": "Color",
          "value_id": "52049",
          "value_name": "Negro",
          "values": [
            {
              "id": "52049",
              "name": "Negro",
              "struct": null
            }
          ],
          "value_type": "string"
        },
        {
          "id": "SIZE",
          "name": "Talle",
          "value_id": "11375387",
          "value_name": "10 UK",
          "values": [
            {
              "id": "11375387",
              "name": "10 UK",
              "struct": null
            }
          ],
          "value_type": "string"
        }
      ],
      "sale_terms": [],
      "picture_ids": [
        "869634-MLA81096262418_122024",
        "824071-MLA81096262404_122024",
        "685254-MLA81096262406_122024",
        "679155-MLA81096262408_122024",
        "604204-MLA81096262414_122024",
        "937203-MLA81096262410_122024",
        "673379-MLA81096262412_122024",
        "760964-MLA81096262416_122024",
        "993904-MLA81096262402_122024",
        "759525-MLA81096262420_122024"
      ],
      "catalog_product_id": null
    },
    {
      "id": 186422180291,
      "price": 69999,
      "attribute_combinations": [
        {
          "id": "COLOR",
          "name": "Color",
          "value_id": "52049",
          "value_name": "Negro",
          "values": [
            {
              "id": "52049",
              "name": "Negro",
              "struct": null
            }
          ],
          "value_type": "string"
        },
        {
          "id": "SIZE",
          "name": "Talle",
          "value_id": "11375380",
          "value_name": "9.5 UK",
          "values": [
            {
              "id": "11375380",
              "name": "9.5 UK",
              "struct": null
            }
          ],
          "value_type": "string"
        }
      ],
      "sale_terms": [],
      "picture_ids": [
        "869634-MLA81096262418_122024",
        "824071-MLA81096262404_122024",
        "685254-MLA81096262406_122024",
        "679155-MLA81096262408_122024",
        "604204-MLA81096262414_122024",
        "937203-MLA81096262410_122024",
        "673379-MLA81096262412_122024",
        "760964-MLA81096262416_122024",
        "993904-MLA81096262402_122024",
        "759525-MLA81096262420_122024"
      ],
      "catalog_product_id": null
    },
    {
      "id": 186422180305,
      "price": 69999,
      "attribute_combinations": [
        {
          "id": "COLOR",
          "name": "Color",
          "value_id": "52049",
          "value_name": "Negro",
          "values": [
            {
              "id": "52049",
              "name": "Negro",
              "struct": null
            }
          ],
          "value_type": "string"
        },
        {
          "id": "SIZE",
          "name": "Talle",
          "value_id": "11375360",
          "value_name": "8 UK",
          "values": [
            {
              "id": "11375360",
              "name": "8 UK",
              "struct": null
            }
          ],
          "value_type": "string"
        }
      ],
      "sale_terms": [],
      "picture_ids": [
        "869634-MLA81096262418_122024",
        "824071-MLA81096262404_122024",
        "685254-MLA81096262406_122024",
        "679155-MLA81096262408_122024",
        "604204-MLA81096262414_122024",
        "937203-MLA81096262410_122024",
        "673379-MLA81096262412_122024",
        "760964-MLA81096262416_122024",
        "993904-MLA81096262402_122024",
        "759525-MLA81096262420_122024"
      ],
      "catalog_product_id": null
    },
    {
      "id": 186422180289,
      "price": 69999,
      "attribute_combinations": [
        {
          "id": "COLOR",
          "name": "Color",
          "value_id": "52049",
          "value_name": "Negro",
          "values": [
            {
              "id": "52049",
              "name": "Negro",
              "struct": null
            }
          ],
          "value_type": "string"
        },
        {
          "id": "SIZE",
          "name": "Talle",
          "value_id": "11375397",
          "value_name": "10.5 UK",
          "values": [
            {
              "id": "11375397",
              "name": "10.5 UK",
              "struct": null
            }
          ],
          "value_type": "string"
        }
      ],
      "sale_terms": [],
      "picture_ids": [
        "869634-MLA81096262418_122024",
        "824071-MLA81096262404_122024",
        "685254-MLA81096262406_122024",
        "679155-MLA81096262408_122024",
        "604204-MLA81096262414_122024",
        "937203-MLA81096262410_122024",
        "673379-MLA81096262412_122024",
        "760964-MLA81096262416_122024",
        "993904-MLA81096262402_122024",
        "759525-MLA81096262420_122024"
      ],
      "catalog_product_id": null
    },
    {
      "id": 186422180297,
      "price": 69999,
      "attribute_combinations": [
        {
          "id": "COLOR",
          "name": "Color",
          "value_id": "52049",
          "value_name": "Negro",
          "values": [
            {
              "id": "52049",
              "name": "Negro",
              "struct": null
            }
          ],
          "value_type": "string"
        },
        {
          "id": "SIZE",
          "name": "Talle",
          "value_id": "11375416",
          "value_name": "11.5 UK",
          "values": [
            {
              "id": "11375416",
              "name": "11.5 UK",
              "struct": null
            }
          ],
          "value_type": "string"
        }
      ],
      "sale_terms": [],
      "picture_ids": [
        "869634-MLA81096262418_122024",
        "824071-MLA81096262404_122024",
        "685254-MLA81096262406_122024",
        "679155-MLA81096262408_122024",
        "604204-MLA81096262414_122024",
        "937203-MLA81096262410_122024",
        "673379-MLA81096262412_122024",
        "760964-MLA81096262416_122024",
        "993904-MLA81096262402_122024",
        "759525-MLA81096262420_122024"
      ],
      "catalog_product_id": null
    },
    {
      "id": 186422180313,
      "price": 69999,
      "attribute_combinations": [
        {
          "id": "COLOR",
          "name": "Color",
          "value_id": "52049",
          "value_name": "Negro",
          "values": [
            {
              "id": "52049",
              "name": "Negro",
              "struct": null
            }
          ],
          "value_type": "string"
        },
        {
          "id": "SIZE",
          "name": "Talle",
          "value_id": "11375372",
          "value_name": "9 UK",
          "values": [
            {
              "id": "11375372",
              "name": "9 UK",
              "struct": null
            }
          ],
          "value_type": "string"
        }
      ],
      "sale_terms": [],
      "picture_ids": [
        "869634-MLA81096262418_122024",
        "824071-MLA81096262404_122024",
        "685254-MLA81096262406_122024",
        "679155-MLA81096262408_122024",
        "604204-MLA81096262414_122024",
        "937203-MLA81096262410_122024",
        "673379-MLA81096262412_122024",
        "760964-MLA81096262416_122024",
        "993904-MLA81096262402_122024",
        "759525-MLA81096262420_122024"
      ],
      "catalog_product_id": null
    },
    {
      "id": 186422180307,
      "price": 69999,
      "attribute_combinations": [
        {
          "id": "COLOR",
          "name": "Color",
          "value_id": "52049",
          "value_name": "Negro",
          "values": [
            {
              "id": "52049",
              "name": "Negro",
              "struct": null
            }
          ],
          "value_type": "string"
        },
        {
          "id": "SIZE",
          "name": "Talle",
          "value_id": "11375354",
          "value_name": "7.5 UK",
          "values": [
            {
              "id": "11375354",
              "name": "7.5 UK",
              "struct": null
            }
          ],
          "value_type": "string"
        }
      ],
      "sale_terms": [],
      "picture_ids": [
        "869634-MLA81096262418_122024",
        "824071-MLA81096262404_122024",
        "685254-MLA81096262406_122024",
        "679155-MLA81096262408_122024",
        "604204-MLA81096262414_122024",
        "937203-MLA81096262410_122024",
        "673379-MLA81096262412_122024",
        "760964-MLA81096262416_122024",
        "993904-MLA81096262402_122024",
        "759525-MLA81096262420_122024"
      ],
      "catalog_product_id": null
    },
    {
      "id": 186422180309,
      "price": 69999,
      "attribute_combinations": [
        {
          "id": "COLOR",
          "name": "Color",
          "value_id": "52049",
          "value_name": "Negro",
          "values": [
            {
              "id": "52049",
              "name": "Negro",
              "struct": null
            }
          ],
          "value_type": "string"
        },
        {
          "id": "SIZE",
          "name": "Talle",
          "value_id": "11375366",
          "value_name": "8.5 UK",
          "values": [
            {
              "id": "11375366",
              "name": "8.5 UK",
              "struct": null
            }
          ],
          "value_type": "string"
        }
      ],
      "sale_terms": [],
      "picture_ids": [
        "869634-MLA81096262418_122024",
        "824071-MLA81096262404_122024",
        "685254-MLA81096262406_122024",
        "679155-MLA81096262408_122024",
        "604204-MLA81096262414_122024",
        "937203-MLA81096262410_122024",
        "673379-MLA81096262412_122024",
        "760964-MLA81096262416_122024",
        "993904-MLA81096262402_122024",
        "759525-MLA81096262420_122024"
      ],
      "catalog_product_id": null
    },
    {
      "id": 186422180293,
      "price": 69999,
      "attribute_combinations": [
        {
          "id": "COLOR",
          "name": "Color",
          "value_id": "52049",
          "value_name": "Negro",
          "values": [
            {
              "id": "52049",
              "name": "Negro",
              "struct": null
            }
          ],
          "value_type": "string"
        },
        {
          "id": "SIZE",
          "name": "Talle",
          "value_id": "11375346",
          "value_name": "7 UK",
          "values": [
            {
              "id": "11375346",
              "name": "7 UK",
              "struct": null
            }
          ],
          "value_type": "string"
        }
      ],
      "sale_terms": [],
      "picture_ids": [
        "869634-MLA81096262418_122024",
        "824071-MLA81096262404_122024",
        "685254-MLA81096262406_122024",
        "679155-MLA81096262408_122024",
        "604204-MLA81096262414_122024",
        "937203-MLA81096262410_122024",
        "673379-MLA81096262412_122024",
        "760964-MLA81096262416_122024",
        "993904-MLA81096262402_122024",
        "759525-MLA81096262420_122024"
      ],
      "catalog_product_id": null
    },
    {
      "id": 186422180301,
      "price": 69999,
      "attribute_combinations": [
        {
          "id": "COLOR",
          "name": "Color",
          "value_id": "52049",
          "value_name": "Negro",
          "values": [
            {
              "id": "52049",
              "name": "Negro",
              "struct": null
            }
          ],
          "value_type": "string"
        },
        {
          "id": "SIZE",
          "name": "Talle",
          "value_id": "11375406",
          "value_name": "11 UK",
          "values": [
            {
              "id": "11375406",
              "name": "11 UK",
              "struct": null
            }
          ],
          "value_type": "string"
        }
      ],
      "sale_terms": [],
      "picture_ids": [
        "869634-MLA81096262418_122024",
        "824071-MLA81096262404_122024",
        "685254-MLA81096262406_122024",
        "679155-MLA81096262408_122024",
        "604204-MLA81096262414_122024",
        "937203-MLA81096262410_122024",
        "673379-MLA81096262412_122024",
        "760964-MLA81096262416_122024",
        "993904-MLA81096262402_122024",
        "759525-MLA81096262420_122024"
      ],
      "catalog_product_id": null
    },
    {
      "id": 186422180303,
      "price": 69999,
      "attribute_combinations": [
        {
          "id": "COLOR",
          "name": "Color",
          "value_id": "52049",
          "value_name": "Negro",
          "values": [
            {
              "id": "52049",
              "name": "Negro",
              "struct": null
            }
          ],
          "value_type": "string"
        },
        {
          "id": "SIZE",
          "name": "Talle",
          "value_id": "11375425",
          "value_name": "12 UK",
          "values": [
            {
              "id": "11375425",
              "name": "12 UK",
              "struct": null
            }
          ],
          "value_type": "string"
        }
      ],
      "sale_terms": [],
      "picture_ids": [
        "869634-MLA81096262418_122024",
        "824071-MLA81096262404_122024",
        "685254-MLA81096262406_122024",
        "679155-MLA81096262408_122024",
        "604204-MLA81096262414_122024",
        "937203-MLA81096262410_122024",
        "673379-MLA81096262412_122024",
        "760964-MLA81096262416_122024",
        "993904-MLA81096262402_122024",
        "759525-MLA81096262420_122024"
      ],
      "catalog_product_id": null
    },
    {
      "id": 186422180311,
      "price": 69999,
      "attribute_combinations": [
        {
          "id": "COLOR",
          "name": "Color",
          "value_id": "52049",
          "value_name": "Negro",
          "values": [
            {
              "id": "52049",
              "name": "Negro",
              "struct": null
            }
          ],
          "value_type": "string"
        },
        {
          "id": "SIZE",
          "name": "Talle",
          "value_id": "11375334",
          "value_name": "6.5 UK",
          "values": [
            {
              "id": "11375334",
              "name": "6.5 UK",
              "struct": null
            }
          ],
          "value_type": "string"
        }
      ],
      "sale_terms": [],
      "picture_ids": [
        "869634-MLA81096262418_122024",
        "824071-MLA81096262404_122024",
        "685254-MLA81096262406_122024",
        "679155-MLA81096262408_122024",
        "604204-MLA81096262414_122024",
        "937203-MLA81096262410_122024",
        "673379-MLA81096262412_122024",
        "760964-MLA81096262416_122024",
        "993904-MLA81096262402_122024",
        "759525-MLA81096262420_122024"
      ],
      "catalog_product_id": null
    },
    {
      "id": 186422180299,
      "price": 69999,
      "attribute_combinations": [
        {
          "id": "COLOR",
          "name": "Color",
          "value_id": "52049",
          "value_name": "Negro",
          "values": [
            {
              "id": "52049",
              "name": "Negro",
              "struct": null
            }
          ],
          "value_type": "string"
        },
        {
          "id": "SIZE",
          "name": "Talle",
          "value_id": "11375318",
          "value_name": "6 UK",
          "values": [
            {
              "id": "11375318",
              "name": "6 UK",
              "struct": null
            }
          ],
          "value_type": "string"
        }
      ],
      "sale_terms": [],
      "picture_ids": [
        "869634-MLA81096262418_122024",
        "824071-MLA81096262404_122024",
        "685254-MLA81096262406_122024",
        "679155-MLA81096262408_122024",
        "604204-MLA81096262414_122024",
        "937203-MLA81096262410_122024",
        "673379-MLA81096262412_122024",
        "760964-MLA81096262416_122024",
        "993904-MLA81096262402_122024",
        "759525-MLA81096262420_122024"
      ],
      "catalog_product_id": null
    },
    {
      "id": 186422180287,
      "price": 69999,
      "attribute_combinations": [
        {
          "id": "COLOR",
          "name": "Color",
          "value_id": "52049",
          "value_name": "Negro",
          "values": [
            {
              "id": "52049",
              "name": "Negro",
              "struct": null
            }
          ],
          "value_type": "string"
        },
        {
          "id": "SIZE",
          "name": "Talle",
          "value_id": "11375441",
          "value_name": "13.5 UK",
          "values": [
            {
              "id": "11375441",
              "name": "13.5 UK",
              "struct": null
            }
          ],
          "value_type": "string"
        }
      ],
      "sale_terms": [],
      "picture_ids": [
        "869634-MLA81096262418_122024",
        "824071-MLA81096262404_122024",
        "685254-MLA81096262406_122024",
        "679155-MLA81096262408_122024",
        "604204-MLA81096262414_122024",
        "937203-MLA81096262410_122024",
        "673379-MLA81096262412_122024",
        "760964-MLA81096262416_122024",
        "993904-MLA81096262402_122024",
        "759525-MLA81096262420_122024"
      ],
      "catalog_product_id": null
    },
    {
      "id": 186422180295,
      "price": 69999,
      "attribute_combinations": [
        {
          "id": "COLOR",
          "name": "Color",
          "value_id": "52049",
          "value_name": "Negro",
          "values": [
            {
              "id": "52049",
              "name": "Negro",
              "struct": null
            }
          ],
          "value_type": "string"
        },
        {
          "id": "SIZE",
          "name": "Talle",
          "value_id": "11375430",
          "value_name": "12.5 UK",
          "values": [
            {
              "id": "11375430",
              "name": "12.5 UK",
              "struct": null
            }
          ],
          "value_type": "string"
        }
      ],
      "sale_terms": [],
      "picture_ids": [
        "869634-MLA81096262418_122024",
        "824071-MLA81096262404_122024",
        "685254-MLA81096262406_122024",
        "679155-MLA81096262408_122024",
        "604204-MLA81096262414_122024",
        "937203-MLA81096262410_122024",
        "673379-MLA81096262412_122024",
        "760964-MLA81096262416_122024",
        "993904-MLA81096262402_122024",
        "759525-MLA81096262420_122024"
      ],
      "catalog_product_id": null
    }
  ],
  "status": "active",
  "sub_status": [],
  "tags": [
    "certified_quality_thumbnail",
    "good_quality_thumbnail",
    "immediate_payment",
    "cart_eligible"
  ],
  "warranty": null,
  "catalog_product_id": null,
  "domain_id": "MLA-SNEAKERS",
  "parent_item_id": null,
  "deal_ids": [],
  "automatic_relist": false,
  "date_created": "2024-12-12T18:46:43.996Z",
  "last_updated": "2025-03-14T19:55:01.727Z",
  "health": 1,
  "catalog_listing": false
}
