{
  "text": "",
  "plain_text": "TABZ Pto. Madero / The Brand Shoes Online Store\n\nRETIRO EN SUCURSAL: Podrá optar por retirar su producto en nuestro showroom .Recibirá un correo electrónico con los datos de retiro una vez que el pedido se encuentre listo.\n\nENVÍO: Todos los envíos se realizan a través de Mercado Envíos. Una vez despachado el producto, podrá ver el seguimiento del mismo en el detalle de su compra.\n\nPAGO: Podrá realizar el pago con tarjeta de crédito, débito, Rapipago o Pago Fácil de manera rápida y segura a través de Mercado Pago.\n\nFactura: Realizamos factura \"B\" a consumidor final, en caso de necesitar Factura A recuerde tener su CUIT cargado en su cuenta, una vez realizada la factura no se podrá modificar\n\nCAMBIOS: Los productos adquiridos deberán ser devueltos en perfectas condiciones, sin uso y en su embalaje original. El costo de envío del cambio corre por cuenta del cliente. El cambio se realiza a contra-entrega. Dispone de 30 días corridos a partir de la fecha de recepción del producto para gestionar el cambio. Los cambios están sujetos a disponibilidad de stock y previa coordinación con el centro de atención al cliente.",
  "last_updated": "2024-02-22T20:44:16.135Z",
  "date_created": "2024-02-22T20:44:16.135Z",
  "snapshot": {
    "url": "http://descriptions.mlstatic.com/D-MLA1679049946.jpg?hash=8520c3b8559cb08aa7e782b8f5334ffe_0x0",
    "width": 0,
    "height": 0,
    "status": ""
  }
}
