{
  "text": "",
  "plain_text": "Artículo 877 \nEste es un modelo bien ancho con cordones anchos y super cómodos!\nLa suela esta hecha de material espansor compuesto por esferas que expanden para absorber el impacto.\nEn su interior vas a encontrar una espuma de alta densidad lo cual la hace super cómodas.\nEl material por fuera es de cuero gamuzado de primera.",
  "last_updated": "2024-08-16T03:13:50.912Z",
  "date_created": "2024-08-16T03:13:50.912Z",
  "snapshot": {
    "url": "http://descriptions.mlstatic.com/D-MLA1884722608.jpg?hash=8520c3b8559cb08aa7e782b8f5334ffe_0x0",
    "width": 0,
    "height": 0,
    "status": ""
  }
}
